Year,Fine_Trophic,Site,Total_count,Total_biomass_kg,N,Max_N
2006,Benthic Invertebrate Consumer,1,734,14.737350000000001,382,382
2006,Benthic Invertebrate Consumer,2,853,26.21917,397,397
2006,Benthic Invertebrate Consumer,3,660,18.24213,350,350
2006,Benthic Invertebrate Consumer,4,775,14.66054,313,313
2006,Benthic Invertebrate Consumer,5,646,11.59775,276,276
2006,Benthic Invertebrate Consumer,6,1174,18.70749,337,337
2006,Corallivore,1,230,7.36195,104,104
2006,Corallivore,2,295,8.25675,112,112
2006,Corallivore,3,323,12.53507,171,171
2006,Corallivore,4,380,10.7321,159,159
2006,Corallivore,5,202,7.85187,104,104
2006,Corallivore,6,354,14.352219999999999,164,164
2006,Fish Scale Consumer,2,2,0.0059,2,2
2006,Herbivore/Detritivore,1,1450,106.87066,331,331
2006,Herbivore/Detritivore,2,1261,63.23309,355,355
2006,Herbivore/Detritivore,3,777,37.828050000000005,269,269
2006,Herbivore/Detritivore,4,637,30.477970000000003,204,204
2006,Herbivore/Detritivore,5,896,35.78209,219,219
2006,Herbivore/Detritivore,6,1512,107.01702,258,258
2006,Omnivore,1,1244,16.60266,285,285
2006,Omnivore,2,1614,22.2671,318,318
2006,Omnivore,3,1528,17.774549999999998,227,227
2006,Omnivore,4,695,25.537329999999997,231,231
2006,Omnivore,5,568,9.52702,153,153
2006,Omnivore,6,614,14.71443,224,224
2006,Piscivore,1,132,75.88861999999999,97,97
2006,Piscivore,2,123,14.77773,85,85
2006,Piscivore,3,118,12.495280000000001,83,83
2006,Piscivore,4,88,14.23,67,67
2006,Piscivore,5,63,6.84504,56,56
2006,Piscivore,6,90,8.401,70,70
2006,Planktivore_exclusively,1,648,2.90442,30,30
2006,Planktivore_exclusively,2,498,1.9866,31,31
2006,Planktivore_exclusively,3,1170,9.18791,42,42
2006,Planktivore_exclusively,4,881,1.89247,22,22
2006,Planktivore_exclusively,5,992,2.0062699999999998,32,32
2006,Planktivore_exclusively,6,908,8.08863,35,35
2007,Benthic Invertebrate Consumer,1,766,15.80139,364,364
2007,Benthic Invertebrate Consumer,2,832,26.373099999999997,418,418
2007,Benthic Invertebrate Consumer,3,564,13.87349,316,316
2007,Benthic Invertebrate Consumer,4,752,15.58706,308,308
2007,Benthic Invertebrate Consumer,5,735,8.28832,323,323
2007,Benthic Invertebrate Consumer,6,849,22.84195,364,364
2007,Corallivore,1,191,7.394729999999999,104,104
2007,Corallivore,2,171,6.11871,88,88
2007,Corallivore,3,232,7.92602,113,113
2007,Corallivore,4,179,5.3929800000000006,95,95
2007,Corallivore,5,172,5.87325,84,84
2007,Corallivore,6,366,20.39726,140,140
2007,Fish Scale Consumer,1,6,0.00635,3,3
2007,Fish Scale Consumer,2,4,0.00348,4,4
2007,Fish Scale Consumer,3,1,0.00151,1,1
2007,Fish Scale Consumer,4,1,0.00151,1,1
2007,Fish Scale Consumer,5,12,0.0152,7,7
2007,Fish Scale Consumer,6,6,0.00908,2,2
2007,Herbivore/Detritivore,1,1234,82.12682000000001,283,283
2007,Herbivore/Detritivore,2,1328,65.40401,343,343
2007,Herbivore/Detritivore,3,718,40.57555,284,284
2007,Herbivore/Detritivore,4,531,25.6467,189,189
2007,Herbivore/Detritivore,5,708,39.66009,237,237
2007,Herbivore/Detritivore,6,817,54.35094,262,262
2007,Omnivore,1,1469,13.54309,284,284
2007,Omnivore,2,1388,14.15423,287,287
2007,Omnivore,3,1303,16.66524,252,252
2007,Omnivore,4,631,10.02383,217,217
2007,Omnivore,5,586,10.32574,189,189
2007,Omnivore,6,899,15.35243,215,215
2007,Piscivore,1,63,20.27066,55,55
2007,Piscivore,2,80,13.26239,67,67
2007,Piscivore,3,96,14.30094,78,78
2007,Piscivore,4,57,46.25027000000001,46,46
2007,Piscivore,5,59,36.01498,52,52
2007,Piscivore,6,80,6.33846,70,70
2007,Planktivore_exclusively,1,434,3.07219,41,41
2007,Planktivore_exclusively,2,186,0.51134,29,29
2007,Planktivore_exclusively,3,464,1.57817,39,39
2007,Planktivore_exclusively,4,585,1.07422,24,24
2007,Planktivore_exclusively,5,530,4.29885,45,45
2007,Planktivore_exclusively,6,1561,4.71163,36,36
2008,Benthic Invertebrate Consumer,1,867,17.61096,378,378
2008,Benthic Invertebrate Consumer,2,772,9.4099,342,342
2008,Benthic Invertebrate Consumer,3,551,10.27778,309,309
2008,Benthic Invertebrate Consumer,4,940,21.382360000000002,326,326
2008,Benthic Invertebrate Consumer,5,763,6.80462,303,303
2008,Benthic Invertebrate Consumer,6,807,9.98672,342,342
2008,Corallivore,1,199,3.89211,102,102
2008,Corallivore,2,153,3.92397,86,86
2008,Corallivore,3,236,5.34846,107,107
2008,Corallivore,4,374,5.10445,158,158
2008,Corallivore,5,228,4.71995,104,104
2008,Corallivore,6,376,11.25582,141,141
2008,Fish Scale Consumer,1,4,0.00622,4,4
2008,Fish Scale Consumer,2,4,0.014629999999999999,3,3
2008,Fish Scale Consumer,4,1,9.699999999999999e-4,1,1
2008,Fish Scale Consumer,5,5,0.00608,4,4
2008,Fish Scale Consumer,6,6,0.014739999999999998,5,5
2008,Herbivore/Detritivore,1,2892,136.18831,337,337
2008,Herbivore/Detritivore,2,1388,41.14095,371,371
2008,Herbivore/Detritivore,3,874,27.51964,290,290
2008,Herbivore/Detritivore,4,690,13.28532,229,229
2008,Herbivore/Detritivore,5,1014,26.63866,261,261
2008,Herbivore/Detritivore,6,1169,29.11735,339,339
2008,Omnivore,1,1600,13.14404,266,266
2008,Omnivore,2,1480,12.07556,266,266
2008,Omnivore,3,1308,7.4462,204,204
2008,Omnivore,4,828,8.32988,225,225
2008,Omnivore,5,779,6.5881099999999995,215,215
2008,Omnivore,6,812,8.31299,197,197
2008,Piscivore,1,106,7.65134,86,86
2008,Piscivore,2,104,7.96142,78,78
2008,Piscivore,3,74,20.87403,51,51
2008,Piscivore,4,80,7.05112,62,62
2008,Piscivore,5,63,3.55862,51,51
2008,Piscivore,6,108,5.3768400000000005,69,69
2008,Planktivore_exclusively,1,431,0.77578,34,34
2008,Planktivore_exclusively,2,397,5.65321,49,49
2008,Planktivore_exclusively,3,619,1.89478,34,34
2008,Planktivore_exclusively,4,422,0.47924,21,21
2008,Planktivore_exclusively,5,916,1.41992,33,33
2008,Planktivore_exclusively,6,1716,5.3884300000000005,42,42
2009,Benthic Invertebrate Consumer,1,1248,21.59881,429,429
2009,Benthic Invertebrate Consumer,2,1133,36.43972,419,419
2009,Benthic Invertebrate Consumer,3,902,50.12543,397,397
2009,Benthic Invertebrate Consumer,4,936,18.04933,358,358
2009,Benthic Invertebrate Consumer,5,920,9.01816,330,330
2009,Benthic Invertebrate Consumer,6,787,24.847990000000003,319,319
2009,Corallivore,1,221,6.80022,110,110
2009,Corallivore,2,151,3.4825,86,86
2009,Corallivore,3,191,5.08691,104,104
2009,Corallivore,4,239,5.7289200000000005,122,122
2009,Corallivore,5,209,5.5250699999999995,101,101
2009,Corallivore,6,264,9.94666,115,115
2009,Fish Scale Consumer,1,5,0.00624,4,4
2009,Fish Scale Consumer,2,3,0.0029,3,3
2009,Fish Scale Consumer,3,1,5.7e-4,1,1
2009,Fish Scale Consumer,5,2,0.00248,2,2
2009,Fish Scale Consumer,6,9,0.026439999999999998,7,7
2009,Herbivore/Detritivore,1,1858,74.10712,404,404
2009,Herbivore/Detritivore,2,1916,82.22547,453,453
2009,Herbivore/Detritivore,3,1073,45.6739,286,286
2009,Herbivore/Detritivore,4,986,40.45597,306,306
2009,Herbivore/Detritivore,5,1176,50.759660000000004,278,278
2009,Herbivore/Detritivore,6,1001,49.04948,319,319
2009,Omnivore,1,2195,19.540670000000002,276,276
2009,Omnivore,2,1530,14.2637,283,283
2009,Omnivore,3,1506,11.65527,234,234
2009,Omnivore,4,903,9.7639,242,242
2009,Omnivore,5,848,130.06009,213,213
2009,Omnivore,6,624,11.42295,166,166
2009,Piscivore,1,167,67.01821000000001,99,99
2009,Piscivore,2,126,25.01189,102,102
2009,Piscivore,3,116,65.54293000000001,69,69
2009,Piscivore,4,110,85.93755,74,74
2009,Piscivore,5,54,38.508770000000005,43,43
2009,Piscivore,6,77,28.394470000000002,56,56
2009,Planktivore_exclusively,1,605,387.8415,53,53
2009,Planktivore_exclusively,2,321,3.58567,48,48
2009,Planktivore_exclusively,3,289,1.04641,36,36
2009,Planktivore_exclusively,4,442,2.52408,26,26
2009,Planktivore_exclusively,5,1584,3.60828,29,29
2009,Planktivore_exclusively,6,1041,4.27296,30,30
2010,Benthic Invertebrate Consumer,1,810,8.05268,346,346
2010,Benthic Invertebrate Consumer,2,1099,18.69856,340,340
2010,Benthic Invertebrate Consumer,3,842,12.77564,372,372
2010,Benthic Invertebrate Consumer,4,740,46.37158,349,349
2010,Benthic Invertebrate Consumer,5,918,18.68598,262,262
2010,Benthic Invertebrate Consumer,6,814,15.89165,335,335
2010,Corallivore,1,92,3.67902,59,59
2010,Corallivore,2,121,4.920520000000001,71,71
2010,Corallivore,3,198,5.853440000000001,101,101
2010,Corallivore,4,193,6.95272,96,96
2010,Corallivore,5,135,4.20106,64,64
2010,Corallivore,6,199,11.19155,89,89
2010,Fish Scale Consumer,1,15,0.02053,6,6
2010,Fish Scale Consumer,2,11,0.01961,8,8
2010,Fish Scale Consumer,3,1,0.0056,1,1
2010,Fish Scale Consumer,4,1,9.699999999999999e-4,1,1
2010,Fish Scale Consumer,6,6,0.00638,5,5
2010,Herbivore/Detritivore,1,1194,63.025980000000004,261,261
2010,Herbivore/Detritivore,2,2209,116.37721,333,333
2010,Herbivore/Detritivore,3,1274,51.86441,277,277
2010,Herbivore/Detritivore,4,863,30.80524,234,234
2010,Herbivore/Detritivore,5,1050,50.29913,244,244
2010,Herbivore/Detritivore,6,1331,62.17237,297,297
2010,Omnivore,1,944,10.19338,206,206
2010,Omnivore,2,707,8.226040000000001,209,209
2010,Omnivore,3,1230,9.446789999999998,199,199
2010,Omnivore,4,931,11.21616,243,243
2010,Omnivore,5,869,7.66139,164,164
2010,Omnivore,6,723,8.89644,177,177
2010,Piscivore,1,93,48.31661,60,60
2010,Piscivore,2,120,11.83865,87,87
2010,Piscivore,3,90,101.246,69,69
2010,Piscivore,4,92,9.5472899999999985,50,50
2010,Piscivore,5,59,6.52934,44,44
2010,Piscivore,6,59,4.4046199999999995,46,46
2010,Planktivore_exclusively,1,1382,6.00976,62,62
2010,Planktivore_exclusively,2,1118,5.08363,71,71
2010,Planktivore_exclusively,3,407,1.58174,38,38
2010,Planktivore_exclusively,4,1547,5.633220000000001,32,32
2010,Planktivore_exclusively,5,1030,2.96646,38,38
2010,Planktivore_exclusively,6,1783,4.07921,40,40
2011,Benthic Invertebrate Consumer,1,702,7.05027,334,334
2011,Benthic Invertebrate Consumer,2,799,19.59619,303,303
2011,Benthic Invertebrate Consumer,3,758,44.56718,283,283
2011,Benthic Invertebrate Consumer,4,869,24.77669,291,291
2011,Benthic Invertebrate Consumer,5,739,20.50336,267,267
2011,Benthic Invertebrate Consumer,6,767,9.90467,313,313
2011,Corallivore,1,118,2.96765,65,65
2011,Corallivore,2,106,4.73351,58,58
2011,Corallivore,3,165,5.64927,62,62
2011,Corallivore,4,122,3.6951,51,51
2011,Corallivore,5,151,4.64243,67,67
2011,Corallivore,6,255,11.207870000000002,104,104
2011,Fish Scale Consumer,1,15,0.010230000000000001,8,8
2011,Fish Scale Consumer,2,16,0.01425,9,9
2011,Fish Scale Consumer,3,2,0.006529999999999999,2,2
2011,Fish Scale Consumer,4,10,0.013980000000000001,6,6
2011,Fish Scale Consumer,5,2,0.00248,2,2
2011,Fish Scale Consumer,6,12,0.024259999999999997,6,6
2011,Herbivore/Detritivore,1,1516,60.58303,265,265
2011,Herbivore/Detritivore,2,1841,86.73814,320,320
2011,Herbivore/Detritivore,3,1193,55.715770000000006,226,226
2011,Herbivore/Detritivore,4,904,37.356190000000005,193,193
2011,Herbivore/Detritivore,5,1041,45.493919999999996,241,241
2011,Herbivore/Detritivore,6,1241,60.29302,255,255
2011,Omnivore,1,833,8.152239999999999,192,192
2011,Omnivore,2,964,17.114810000000002,191,191
2011,Omnivore,3,1004,8.02395,158,158
2011,Omnivore,4,656,8.845049999999999,189,189
2011,Omnivore,5,772,6.79479,171,171
2011,Omnivore,6,490,9.46483,157,157
2011,Piscivore,1,98,16.56959,64,64
2011,Piscivore,2,105,7.99697,78,78
2011,Piscivore,3,94,8.47786,70,70
2011,Piscivore,4,86,22.358040000000003,64,64
2011,Piscivore,5,47,36.9424,38,38
2011,Piscivore,6,101,19.12466,72,72
2011,Planktivore_exclusively,1,1021,1.0274,55,55
2011,Planktivore_exclusively,2,905,6.00112,51,51
2011,Planktivore_exclusively,3,339,1.1116700000000002,31,31
2011,Planktivore_exclusively,4,591,1.0938400000000001,29,29
2011,Planktivore_exclusively,5,497,1.34432,30,30
2011,Planktivore_exclusively,6,964,2.9092,43,43
2012,Benthic Invertebrate Consumer,1,1029,11.51251,378,378
2012,Benthic Invertebrate Consumer,2,966,13.46891,329,329
2012,Benthic Invertebrate Consumer,3,703,18.13727,289,289
2012,Benthic Invertebrate Consumer,4,777,18.884400000000003,334,334
2012,Benthic Invertebrate Consumer,5,967,39.57186,285,285
2012,Benthic Invertebrate Consumer,6,1150,24.022209999999998,364,364
2012,Corallivore,1,97,3.1386700000000003,55,55
2012,Corallivore,2,90,2.48056,46,46
2012,Corallivore,3,149,4.900930000000001,69,69
2012,Corallivore,4,183,6.30382,84,84
2012,Corallivore,5,118,3.09166,60,60
2012,Corallivore,6,217,8.39943,81,81
2012,Fish Scale Consumer,1,13,0.013269999999999999,9,9
2012,Fish Scale Consumer,2,17,0.0251,6,6
2012,Fish Scale Consumer,3,2,0.00298,2,2
2012,Fish Scale Consumer,4,5,0.00592,4,4
2012,Fish Scale Consumer,6,3,0.0030499999999999998,3,3
2012,Herbivore/Detritivore,1,1630,53.50933,325,325
2012,Herbivore/Detritivore,2,1869,74.30685000000001,367,367
2012,Herbivore/Detritivore,3,1194,46.85408,273,273
2012,Herbivore/Detritivore,4,1043,35.026379999999996,266,266
2012,Herbivore/Detritivore,5,1117,38.53804,255,255
2012,Herbivore/Detritivore,6,1725,63.9916,325,325
2012,Omnivore,1,1268,12.363790000000002,253,253
2012,Omnivore,2,854,8.95338,192,192
2012,Omnivore,3,992,6.783480000000001,191,191
2012,Omnivore,4,746,7.4227799999999995,199,199
2012,Omnivore,5,489,8.34965,176,176
2012,Omnivore,6,778,9.37382,166,166
2012,Piscivore,1,78,45.64242,51,51
2012,Piscivore,2,71,9.37011,53,53
2012,Piscivore,3,127,14.79377,59,59
2012,Piscivore,4,105,11.06275,72,72
2012,Piscivore,5,55,112.54377000000001,43,43
2012,Piscivore,6,62,14.64925,46,46
2012,Planktivore_exclusively,1,744,1.94302,50,50
2012,Planktivore_exclusively,2,540,2.97484,47,47
2012,Planktivore_exclusively,3,533,1.0472000000000001,24,24
2012,Planktivore_exclusively,4,1178,1.6408399999999999,25,25
2012,Planktivore_exclusively,5,681,4.78024,36,36
2012,Planktivore_exclusively,6,1039,1.60699,35,35
2013,Benthic Invertebrate Consumer,1,924,13.14775,442,442
2013,Benthic Invertebrate Consumer,2,1131,15.40571,398,398
2013,Benthic Invertebrate Consumer,3,1084,68.35204,340,340
2013,Benthic Invertebrate Consumer,4,943,47.63878,354,354
2013,Benthic Invertebrate Consumer,5,1092,37.12876,322,322
2013,Benthic Invertebrate Consumer,6,1015,74.2853,318,318
2013,Corallivore,1,116,4.884720000000001,63,63
2013,Corallivore,2,125,4.45267,60,60
2013,Corallivore,3,142,5.46539,71,71
2013,Corallivore,4,182,4.835850000000001,82,82
2013,Corallivore,5,132,6.99084,65,65
2013,Corallivore,6,253,10.30216,100,100
2013,Fish Scale Consumer,1,7,0.00622,6,6
2013,Fish Scale Consumer,2,6,0.0065,6,6
2013,Fish Scale Consumer,3,1,0.0092,1,1
2013,Fish Scale Consumer,4,1,0.0043,1,1
2013,Fish Scale Consumer,6,3,0.00211,2,2
2013,Herbivore/Detritivore,1,1749,73.53665,334,334
2013,Herbivore/Detritivore,2,2173,89.41211,402,402
2013,Herbivore/Detritivore,3,1551,90.10755,304,304
2013,Herbivore/Detritivore,4,963,45.459489999999995,253,253
2013,Herbivore/Detritivore,5,2525,195.71904999999998,305,305
2013,Herbivore/Detritivore,6,1681,123.9255,340,340
2013,Omnivore,1,1180,12.65368,266,266
2013,Omnivore,2,1147,12.09799,228,228
2013,Omnivore,3,950,10.216479999999999,199,199
2013,Omnivore,4,826,10.79523,175,175
2013,Omnivore,5,517,7.45067,184,184
2013,Omnivore,6,607,13.54087,183,183
2013,Piscivore,1,79,62.996219999999994,66,66
2013,Piscivore,2,76,7.85596,56,56
2013,Piscivore,3,82,39.77091,59,59
2013,Piscivore,4,76,26.45979,48,48
2013,Piscivore,5,65,18.67073,35,35
2013,Piscivore,6,58,8.22398,48,48
2013,Planktivore_exclusively,1,1758,4.1924399999999995,70,70
2013,Planktivore_exclusively,2,1507,4.10189,91,91
2013,Planktivore_exclusively,3,635,1.2204000000000002,35,35
2013,Planktivore_exclusively,4,1243,1.54932,31,31
2013,Planktivore_exclusively,5,697,1.6216400000000002,38,38
2013,Planktivore_exclusively,6,2066,1.8740299999999999,37,37
2014,Benthic Invertebrate Consumer,1,1042,20.11072,456,456
2014,Benthic Invertebrate Consumer,2,1235,22.90684,477,477
2014,Benthic Invertebrate Consumer,3,1267,116.7054,371,371
2014,Benthic Invertebrate Consumer,4,944,26.93673,387,387
2014,Benthic Invertebrate Consumer,5,794,31.26509,312,312
2014,Benthic Invertebrate Consumer,6,934,17.759990000000002,347,347
2014,Corallivore,1,104,5.1623,60,60
2014,Corallivore,2,75,3.1163600000000002,45,45
2014,Corallivore,3,153,5.6136800000000004,67,67
2014,Corallivore,4,201,8.03181,96,96
2014,Corallivore,5,111,3.83406,54,54
2014,Corallivore,6,310,17.69064,102,102
2014,Fish Scale Consumer,1,29,0.054380000000000005,11,11
2014,Fish Scale Consumer,2,21,0.031239999999999997,13,13
2014,Fish Scale Consumer,3,1,0.0073,1,1
2014,Fish Scale Consumer,4,8,0.006679999999999999,4,4
2014,Fish Scale Consumer,6,4,0.00666,4,4
2014,Herbivore/Detritivore,1,1534,82.26992999999999,374,374
2014,Herbivore/Detritivore,2,2104,90.22503999999999,364,364
2014,Herbivore/Detritivore,3,1393,77.45298,319,319
2014,Herbivore/Detritivore,4,1186,58.078480000000006,315,315
2014,Herbivore/Detritivore,5,1797,102.83673,325,325
2014,Herbivore/Detritivore,6,1533,86.43742,315,315
2014,Omnivore,1,1101,14.31475,273,273
2014,Omnivore,2,958,11.47518,249,249
2014,Omnivore,3,1220,14.14675,212,212
2014,Omnivore,4,741,7.846100000000001,191,191
2014,Omnivore,5,419,7.2799499999999995,145,145
2014,Omnivore,6,548,13.02134,164,164
2014,Piscivore,1,106,32.26552,56,56
2014,Piscivore,2,106,42.15634000000001,74,74
2014,Piscivore,3,72,80.31071,55,55
2014,Piscivore,4,59,11.32216,53,53
2014,Piscivore,5,151,46.25605,36,36
2014,Piscivore,6,87,9.22542,49,49
2014,Planktivore_exclusively,1,1642,1.48457,61,61
2014,Planktivore_exclusively,2,1510,6.199949999999999,65,65
2014,Planktivore_exclusively,3,586,2.4422800000000002,36,36
2014,Planktivore_exclusively,4,711,2.14059,44,44
2014,Planktivore_exclusively,5,768,4.97208,33,33
2014,Planktivore_exclusively,6,1253,4.14897,41,41
2015,Benthic Invertebrate Consumer,1,719,16.59591,313,313
2015,Benthic Invertebrate Consumer,2,716,17.25073,296,296
2015,Benthic Invertebrate Consumer,3,679,27.68773,277,277
2015,Benthic Invertebrate Consumer,4,1064,16.593529999999998,272,272
2015,Benthic Invertebrate Consumer,5,548,30.93114,238,238
2015,Benthic Invertebrate Consumer,6,670,22.49902,311,311
2015,Corallivore,1,122,5.32207,62,62
2015,Corallivore,2,88,3.7114000000000003,48,48
2015,Corallivore,3,179,8.883329999999999,68,68
2015,Corallivore,4,218,12.486360000000001,86,86
2015,Corallivore,5,175,9.200700000000001,79,79
2015,Corallivore,6,343,22.81607,111,111
2015,Fish Scale Consumer,1,13,0.01259,7,7
2015,Fish Scale Consumer,6,2,0.00117,2,2
2015,Herbivore/Detritivore,1,1198,79.99142,322,322
2015,Herbivore/Detritivore,2,1228,81.44445,288,288
2015,Herbivore/Detritivore,3,1237,88.264,250,250
2015,Herbivore/Detritivore,4,1036,80.365,220,220
2015,Herbivore/Detritivore,5,1213,110.72016,240,240
2015,Herbivore/Detritivore,6,1361,92.11746000000001,293,293
2015,Omnivore,1,993,13.2696,228,228
2015,Omnivore,2,753,11.22815,181,181
2015,Omnivore,3,1035,9.99677,161,161
2015,Omnivore,4,740,9.37776,143,143
2015,Omnivore,5,573,9.53527,150,150
2015,Omnivore,6,694,13.736,175,175
2015,Piscivore,1,77,55.794920000000005,58,58
2015,Piscivore,2,74,16.45861,65,65
2015,Piscivore,3,71,10.24499,57,57
2015,Piscivore,4,54,10.10615,40,40
2015,Piscivore,5,106,9.61894,34,34
2015,Piscivore,6,70,8.70905,52,52
2015,Planktivore_exclusively,1,792,3.6849000000000003,34,34
2015,Planktivore_exclusively,2,593,13.9429,32,32
2015,Planktivore_exclusively,3,470,0.72085,25,25
2015,Planktivore_exclusively,4,413,1.11472,26,26
2015,Planktivore_exclusively,5,599,7.62488,27,27
2015,Planktivore_exclusively,6,723,1.87832,23,23
2016,Benthic Invertebrate Consumer,1,788,12.44183,348,348
2016,Benthic Invertebrate Consumer,2,783,16.06764,336,336
2016,Benthic Invertebrate Consumer,3,658,14.18387,288,288
2016,Benthic Invertebrate Consumer,4,911,26.06869,289,289
2016,Benthic Invertebrate Consumer,5,559,10.46236,237,237
2016,Benthic Invertebrate Consumer,6,814,8.625549999999999,281,281
2016,Corallivore,1,134,4.8522,68,68
2016,Corallivore,2,105,4.9574300000000004,46,46
2016,Corallivore,3,105,3.11163,46,46
2016,Corallivore,4,261,9.0572,112,112
2016,Corallivore,5,134,5.39966,67,67
2016,Corallivore,6,191,9.19685,80,80
2016,Fish Scale Consumer,1,3,0.00454,2,2
2016,Fish Scale Consumer,2,7,0.01487,7,7
2016,Fish Scale Consumer,5,1,0.00151,1,1
2016,Fish Scale Consumer,6,1,9.699999999999999e-4,1,1
2016,Herbivore/Detritivore,1,1588,83.6793,311,311
2016,Herbivore/Detritivore,2,1618,78.8263,311,311
2016,Herbivore/Detritivore,3,1061,56.54433,266,266
2016,Herbivore/Detritivore,4,930,53.14107,248,248
2016,Herbivore/Detritivore,5,1041,60.045449999999995,255,255
2016,Herbivore/Detritivore,6,1046,48.530260000000006,264,264
2016,Omnivore,1,1064,16.39715,222,222
2016,Omnivore,2,809,14.917380000000001,198,198
2016,Omnivore,3,1227,10.86514,172,172
2016,Omnivore,4,597,9.98436,156,156
2016,Omnivore,5,547,7.74909,146,146
2016,Omnivore,6,486,8.99522,151,151
2016,Piscivore,1,70,11.41955,57,57
2016,Piscivore,2,90,28.4199,68,68
2016,Piscivore,3,74,82.34573000000002,58,58
2016,Piscivore,4,61,6.53672,48,48
2016,Piscivore,5,91,87.88023000000001,44,44
2016,Piscivore,6,45,14.74103,38,38
2016,Planktivore_exclusively,1,693,6.66763,35,35
2016,Planktivore_exclusively,2,1024,3.5193600000000003,32,32
2016,Planktivore_exclusively,3,655,0.7540399999999999,25,25
2016,Planktivore_exclusively,4,1134,2.3208800000000003,30,30
2016,Planktivore_exclusively,5,1048,2.65573,28,28
2016,Planktivore_exclusively,6,1048,1.43344,26,26
2017,Benthic Invertebrate Consumer,1,865,9.4001,322,322
2017,Benthic Invertebrate Consumer,2,1176,17.73198,393,393
2017,Benthic Invertebrate Consumer,3,786,12.008799999999999,377,377
2017,Benthic Invertebrate Consumer,4,1000,14.98576,368,368
2017,Benthic Invertebrate Consumer,5,768,23.0491,303,303
2017,Benthic Invertebrate Consumer,6,873,14.330530000000001,289,289
2017,Corallivore,1,184,4.70796,69,69
2017,Corallivore,2,144,3.08583,49,49
2017,Corallivore,3,181,4.6893400000000005,78,78
2017,Corallivore,4,276,7.52842,101,101
2017,Corallivore,5,175,4.562819999999999,68,68
2017,Corallivore,6,185,7.11628,92,92
2017,Fish Scale Consumer,1,10,0.02084,5,5
2017,Fish Scale Consumer,2,9,0.01881,6,6
2017,Fish Scale Consumer,3,2,0.0065699999999999995,2,2
2017,Herbivore/Detritivore,1,1464,63.387809999999995,325,325
2017,Herbivore/Detritivore,2,1705,78.17336999999999,342,342
2017,Herbivore/Detritivore,3,1459,68.05582000000001,302,302
2017,Herbivore/Detritivore,4,933,40.790440000000004,262,262
2017,Herbivore/Detritivore,5,1245,60.94319,329,329
2017,Herbivore/Detritivore,6,2301,131.62711,300,300
2017,Omnivore,1,1519,19.198280000000004,241,241
2017,Omnivore,2,885,8.77221,231,231
2017,Omnivore,3,1668,12.595709999999999,204,204
2017,Omnivore,4,1215,8.668569999999999,220,220
2017,Omnivore,5,642,7.5818,180,180
2017,Omnivore,6,820,8.46808,175,175
2017,Piscivore,1,91,11.462299999999999,73,73
2017,Piscivore,2,90,57.09487,67,67
2017,Piscivore,3,97,44.47256,72,72
2017,Piscivore,4,61,6.07931,52,52
2017,Piscivore,5,97,85.75235,51,51
2017,Piscivore,6,49,64.73307,42,42
2017,Planktivore_exclusively,1,1740,3.82081,36,36
2017,Planktivore_exclusively,2,1345,1.83452,43,43
2017,Planktivore_exclusively,3,1632,5.088430000000001,36,36
2017,Planktivore_exclusively,4,2102,6.552770000000001,44,44
2017,Planktivore_exclusively,5,786,4.7773,37,37
2017,Planktivore_exclusively,6,1529,4.54874,28,28
2018,Benthic Invertebrate Consumer,1,844,9.45342,307,307
2018,Benthic Invertebrate Consumer,2,812,15.39375,323,323
2018,Benthic Invertebrate Consumer,3,679,16.35148,312,312
2018,Benthic Invertebrate Consumer,4,874,24.68176,327,327
2018,Benthic Invertebrate Consumer,5,699,10.94201,300,300
2018,Benthic Invertebrate Consumer,6,871,11.19789,299,299
2018,Corallivore,1,206,5.80154,79,79
2018,Corallivore,2,209,4.95357,67,67
2018,Corallivore,3,195,6.42401,78,78
2018,Corallivore,4,275,8.29452,98,98
2018,Corallivore,5,188,4.86661,85,85
2018,Corallivore,6,233,8.3141,88,88
2018,Fish Scale Consumer,1,5,0.01088,4,4
2018,Fish Scale Consumer,2,2,0.0020800000000000003,2,2
2018,Fish Scale Consumer,3,4,0.01977,3,3
2018,Fish Scale Consumer,4,6,0.01014,5,5
2018,Fish Scale Consumer,5,7,0.03,3,3
2018,Fish Scale Consumer,6,2,0.0034500000000000004,2,2
2018,Herbivore/Detritivore,1,1671,103.70419,321,321
2018,Herbivore/Detritivore,2,1922,93.72882000000001,364,364
2018,Herbivore/Detritivore,3,1103,65.46484,256,256
2018,Herbivore/Detritivore,4,632,36.75475,224,224
2018,Herbivore/Detritivore,5,965,49.82217,284,284
2018,Herbivore/Detritivore,6,1067,61.238459999999996,271,271
2018,Omnivore,1,1295,13.12728,219,219
2018,Omnivore,2,789,13.32226,226,226
2018,Omnivore,3,1814,10.748059999999999,185,185
2018,Omnivore,4,1265,9.113850000000001,175,175
2018,Omnivore,5,918,10.63668,173,173
2018,Omnivore,6,792,9.94952,176,176
2018,Piscivore,1,65,9.066790000000001,60,60
2018,Piscivore,2,88,51.395700000000005,68,68
2018,Piscivore,3,69,21.97402,59,59
2018,Piscivore,4,57,9.04902,46,46
2018,Piscivore,5,98,224.94541,46,46
2018,Piscivore,6,53,10.21119,47,47
2018,Planktivore_exclusively,1,1351,20.16929,50,50
2018,Planktivore_exclusively,2,1638,9.08315,43,43
2018,Planktivore_exclusively,3,1059,1.36264,35,35
2018,Planktivore_exclusively,4,730,3.92887,37,37
2018,Planktivore_exclusively,5,981,3.96857,31,31
2018,Planktivore_exclusively,6,1358,1.51991,23,23
2019,Benthic Invertebrate Consumer,1,552,6.91003,271,271
2019,Benthic Invertebrate Consumer,2,798,16.79595,315,315
2019,Benthic Invertebrate Consumer,3,606,9.82525,317,317
2019,Benthic Invertebrate Consumer,4,865,31.156190000000002,315,315
2019,Benthic Invertebrate Consumer,5,539,13.82798,238,238
2019,Benthic Invertebrate Consumer,6,619,11.15104,283,283
2019,Corallivore,1,163,4.99643,57,57
2019,Corallivore,2,172,4.79701,66,66
2019,Corallivore,3,160,5.1363900000000005,75,75
2019,Corallivore,4,315,9.17297,106,106
2019,Corallivore,5,189,6.39842,88,88
2019,Corallivore,6,231,8.992450000000002,91,91
2019,Fish Scale Consumer,1,4,0.0020499999999999997,4,4
2019,Fish Scale Consumer,2,1,5.7e-4,1,1
2019,Herbivore/Detritivore,1,1257,67.6295,327,327
2019,Herbivore/Detritivore,2,1361,76.85078999999999,377,377
2019,Herbivore/Detritivore,3,891,61.32995,309,309
2019,Herbivore/Detritivore,4,857,50.87114,267,267
2019,Herbivore/Detritivore,5,1014,61.654129999999995,309,309
2019,Herbivore/Detritivore,6,1019,NA,282,282
2019,Omnivore,1,850,9.35835,210,210
2019,Omnivore,2,695,11.17168,220,220
2019,Omnivore,3,1308,8.89606,197,197
2019,Omnivore,4,922,10.86636,209,209
2019,Omnivore,5,721,7.08975,154,154
2019,Omnivore,6,790,8.66975,163,163
2019,Piscivore,1,102,10.182889999999999,83,83
2019,Piscivore,2,79,10.25792,62,62
2019,Piscivore,3,68,8.01061,59,59
2019,Piscivore,4,105,12.992989999999999,71,71
2019,Piscivore,5,109,32.54457,56,56
2019,Piscivore,6,63,6.7057,46,46
2019,Planktivore_exclusively,1,862,2.2135100000000003,28,28
2019,Planktivore_exclusively,2,761,4.26138,30,30
2019,Planktivore_exclusively,3,1001,1.00612,28,28
2019,Planktivore_exclusively,4,1319,3.10458,30,30
2019,Planktivore_exclusively,5,344,2.32781,19,19
2019,Planktivore_exclusively,6,1535,2.66096,21,21
